title,UPC,star_rating,price,in_stock,stock_count,link
Sharp Objects,e00eb4fd7b871a48,4,47.82,True,20,https://books.toscrape.com/catalogue/sharp-objects_997/index.html
Sapiens: A Brief History of Humankind,4165285e1663650f,5,54.23,True,20,https://books.toscrape.com/catalogue/sapiens-a-brief-history-of-humankind_996/index.html
The Dirty Little Secrets of Getting Your Dream Job,2597b5a345f45e1b,4,33.34,True,19,https://books.toscrape.com/catalogue/the-dirty-little-secrets-of-getting-your-dream-job_994/index.html
The Boys in the Boat: Nine Americans and Their Epic Quest for Gold at the 1936 Berlin Olympics,e10e1e165dc8be4a,4,22.6,True,19,https://books.toscrape.com/catalogue/the-boys-in-the-boat-nine-americans-and-their-epic-quest-for-gold-at-the-1936-berlin-olympics_992/index.html
Shakespeare's Sonnets,30a7f60cd76ca58c,4,20.66,True,19,https://books.toscrape.com/catalogue/shakespeares-sonnets_989/index.html
Scott Pilgrim's Precious Little Life (Scott Pilgrim #1),3b1c02bac2a429e6,5,52.29,True,19,https://books.toscrape.com/catalogue/scott-pilgrims-precious-little-life-scott-pilgrim-1_987/index.html
Rip it Up and Start Again,a34ba96d4081e6a4,5,35.02,True,19,https://books.toscrape.com/catalogue/rip-it-up-and-start-again_986/index.html
Chase Me (Paris Nights #2),c2e46a2ee3b4a322,5,25.27,True,19,https://books.toscrape.com/catalogue/chase-me-paris-nights-2_977/index.html
Black Dust,00bfed9e18bb36f3,5,34.53,True,19,https://books.toscrape.com/catalogue/black-dust_976/index.html
Worlds Elsewhere: Journeys Around Shakespeare’s Globe,4c28def39d850cdf,5,40.3,True,18,https://books.toscrape.com/catalogue/worlds-elsewhere-journeys-around-shakespeares-globe_972/index.html
Wall and Piece,ccd9ffa25efabdea,4,44.18,True,18,https://books.toscrape.com/catalogue/wall-and-piece_971/index.html
The Elephant Tree,5dada2b7be26bd03,5,23.82,True,18,https://books.toscrape.com/catalogue/the-elephant-tree_968/index.html
Behind Closed Doors,be5cc846f45496fb,4,52.22,True,18,https://books.toscrape.com/catalogue/behind-closed-doors_962/index.html
Private Paris (Private #10),b12b89017878a60d,5,47.61,True,17,https://books.toscrape.com/catalogue/private-paris-private-10_958/index.html
#HigherSelfie: Wake Up Your Life. Free Your Soul. Find Your Tribe.,c27f6e1f185b0383,5,23.11,True,17,https://books.toscrape.com/catalogue/higherselfie-wake-up-your-life-free-your-soul-find-your-tribe_957/index.html
"We Love You, Charlie Freeman",8d455c7539795d2a,5,50.27,True,16,https://books.toscrape.com/catalogue/we-love-you-charlie-freeman_954/index.html
"Unseen City: The Majesty of Pigeons, the Discreet Charm of Snails & Other Wonders of the Urban Wilderness",d170b5a0da46380e,4,44.18,True,16,https://books.toscrape.com/catalogue/unseen-city-the-majesty-of-pigeons-the-discreet-charm-of-snails-other-wonders-of-the-urban-wilderness_952/index.html
The Past Never Ends,5ee94540d0749ea0,4,56.5,True,16,https://books.toscrape.com/catalogue/the-past-never-ends_942/index.html
The Nameless City (The Nameless City #1),7d385d34d12e60ff,4,38.16,True,16,https://books.toscrape.com/catalogue/the-nameless-city-the-nameless-city-1_940/index.html
The Most Perfect Thing: Inside (and Outside) a Bird's Egg,aadee1c326d286e3,4,42.96,True,16,https://books.toscrape.com/catalogue/the-most-perfect-thing-inside-and-outside-a-birds-egg_938/index.html
"The Mindfulness and Acceptance Workbook for Anxiety: A Guide to Breaking Free from Anxiety, Phobias, and Worry Using Acceptance and Commitment Therapy",31075275518532d7,4,23.89,True,16,https://books.toscrape.com/catalogue/the-mindfulness-and-acceptance-workbook-for-anxiety-a-guide-to-breaking-free-from-anxiety-phobias-and-worry-using-acceptance-and-commitment-therapy_937/index.html
"The Inefficiency Assassin: Time Management Tactics for Working Smarter, Not Longer",8c9e6bf2467d740d,5,20.59,True,16,https://books.toscrape.com/catalogue/the-inefficiency-assassin-time-management-tactics-for-working-smarter-not-longer_935/index.html
The Death of Humanity: and the Case for Life,bd261725b99f5983,4,58.11,True,16,https://books.toscrape.com/catalogue/the-death-of-humanity-and-the-case-for-life_932/index.html
The Activist's Tao Te Ching: Ancient Advice for a Modern Revolution,7d6d2a6c0276f81b,5,32.24,True,16,https://books.toscrape.com/catalogue/the-activists-tao-te-ching-ancient-advice-for-a-modern-revolution_928/index.html
Spark Joy: An Illustrated Master Class on the Art of Organizing and Tidying Up,87b0615b6e1f4d7b,4,41.83,True,16,https://books.toscrape.com/catalogue/spark-joy-an-illustrated-master-class-on-the-art-of-organizing-and-tidying-up_927/index.html
Join,18ad3ed896c7ce05,5,35.67,True,16,https://books.toscrape.com/catalogue/join_902/index.html
In the Country We Love: My Family Divided,b136b1b180ca753a,4,22.0,True,16,https://books.toscrape.com/catalogue/in-the-country-we-love-my-family-divided_901/index.html
Immunity: How Elie Metchnikoff Changed the Course of Modern Medicine,e4f74c16de34d440,5,57.36,True,16,https://books.toscrape.com/catalogue/immunity-how-elie-metchnikoff-changed-the-course-of-modern-medicine_900/index.html
Danganronpa Volume 1,09b6cc87e62c2c58,4,51.99,True,16,https://books.toscrape.com/catalogue/danganronpa-volume-1_889/index.html
"Codename Baboushka, Volume 1: The Conclave of Death",8754c83ab2a7ae71,4,36.72,True,16,https://books.toscrape.com/catalogue/codename-baboushka-volume-1-the-conclave-of-death_887/index.html
Call the Nurse: True Stories of a Country Nurse on a Scottish Isle,bee3672891cca906,5,29.14,True,16,https://books.toscrape.com/catalogue/call-the-nurse-true-stories-of-a-country-nurse-on-a-scottish-isle_885/index.html
"A Piece of Sky, a Grain of Rice: A Memoir in Four Meditations",8a380641491d43ed,5,56.76,True,16,https://books.toscrape.com/catalogue/a-piece-of-sky-a-grain-of-rice-a-memoir-in-four-meditations_878/index.html
A Flight of Arrows (The Pathfinders #2),3a6fb983e2554023,5,55.53,True,16,https://books.toscrape.com/catalogue/a-flight-of-arrows-the-pathfinders-2_876/index.html
A Fierce and Subtle Poison,842790dfaa937484,4,28.13,True,16,https://books.toscrape.com/catalogue/a-fierce-and-subtle-poison_875/index.html
(Un)Qualified: How God Uses Broken People to Do Big Things,e4ac92d89b946781,5,54.0,True,16,https://books.toscrape.com/catalogue/unqualified-how-god-uses-broken-people-to-do-big-things_873/index.html
You Are What You Love: The Spiritual Power of Habit,796c87ddbbaaf8c5,4,21.87,True,15,https://books.toscrape.com/catalogue/you-are-what-you-love-the-spiritual-power-of-habit_872/index.html
"William Shakespeare's Star Wars: Verily, A New Hope (William Shakespeare's Star Wars #4)",9270575728a13a61,4,43.3,True,15,https://books.toscrape.com/catalogue/william-shakespeares-star-wars-verily-a-new-hope-william-shakespeares-star-wars-4_871/index.html
The White Cat and the Monk: A Retelling of the Poem “Pangur Bán”,37c0cb19713d8dda,4,58.08,True,15,https://books.toscrape.com/catalogue/the-white-cat-and-the-monk-a-retelling-of-the-poem-pangur-ban_865/index.html
The Vacationers,fd3a622648667296,4,42.15,True,15,https://books.toscrape.com/catalogue/the-vacationers_863/index.html
The Secret (The Secret #1),961f18db4f138211,4,27.37,True,15,https://books.toscrape.com/catalogue/the-secret-the-secret-1_859/index.html
The Regional Office Is Under Attack!,0651062381f0636a,5,51.36,True,15,https://books.toscrape.com/catalogue/the-regional-office-is-under-attack_858/index.html
The Nerdy Nummies Cookbook: Sweet Treats for the Geek in All of Us,e4c7f3487d17fd42,5,37.34,True,15,https://books.toscrape.com/catalogue/the-nerdy-nummies-cookbook-sweet-treats-for-the-geek-in-all-of-us_853/index.html
The Murder of Roger Ackroyd (Hercule Poirot #4),c7b5183f4d1d4efe,4,44.1,True,15,https://books.toscrape.com/catalogue/the-murder-of-roger-ackroyd-hercule-poirot-4_852/index.html
The Kite Runner,eac1a180047ad54e,4,41.82,True,15,https://books.toscrape.com/catalogue/the-kite-runner_847/index.html
The Artist's Way: A Spiritual Path to Higher Creativity,dd047728de72ad62,5,38.49,True,15,https://books.toscrape.com/catalogue/the-artists-way-a-spiritual-path-to-higher-creativity_839/index.html
The Art of War,e7469e22b5bfb3e7,5,33.34,True,15,https://books.toscrape.com/catalogue/the-art-of-war_838/index.html
Scarlett Epstein Hates It Here,1c929cfd16b71907,5,43.55,True,15,https://books.toscrape.com/catalogue/scarlett-epstein-hates-it-here_828/index.html
Redeeming Love,b53db2271c9624f7,5,20.47,True,15,https://books.toscrape.com/catalogue/redeeming-love_826/index.html
Mrs. Houdini,a40723994f715420,5,30.25,True,15,https://books.toscrape.com/catalogue/mrs-houdini_821/index.html
Modern Romance,caf4fe9311f1dc59,5,28.26,True,15,https://books.toscrape.com/catalogue/modern-romance_820/index.html
Library of Souls (Miss Peregrine’s Peculiar Children #3),ba54932df84e8cea,5,48.56,True,15,https://books.toscrape.com/catalogue/library-of-souls-miss-peregrines-peculiar-children-3_816/index.html
I Had a Nice Time And Other Lies...: How to find love & sh*t like that,fd8585283fc7d2d7,4,57.36,True,15,https://books.toscrape.com/catalogue/i-had-a-nice-time-and-other-lies-how-to-find-love-sht-like-that_814/index.html
Full Moon over Noah’s Ark: An Odyssey to Mount Ararat and Beyond,ce60436f52c5ee68,4,49.43,True,15,https://books.toscrape.com/catalogue/full-moon-over-noahs-ark-an-odyssey-to-mount-ararat-and-beyond_811/index.html
Frostbite (Vampire Academy #2),116a2fdc9a45bab0,5,29.99,True,15,https://books.toscrape.com/catalogue/frostbite-vampire-academy-2_810/index.html
Finders Keepers (Bill Hodges Trilogy #2),edb3097e71330040,5,53.53,True,15,https://books.toscrape.com/catalogue/finders-keepers-bill-hodges-trilogy-2_807/index.html
"Fables, Vol. 1: Legends in Exile (Fables #1)",65d034adf80834b7,4,41.62,True,15,https://books.toscrape.com/catalogue/fables-vol-1-legends-in-exile-fables-1_806/index.html
Eureka Trivia 6.0,29c0025455f8c585,4,54.59,True,15,https://books.toscrape.com/catalogue/eureka-trivia-60_805/index.html
Drive: The Surprising Truth About What Motivates Us,6ffb36aaeff1c81e,4,34.95,True,15,https://books.toscrape.com/catalogue/drive-the-surprising-truth-about-what-motivates-us_804/index.html
Done Rubbed Out (Reightman & Bailey #1),f6d967cdadc6fbd9,5,37.72,True,15,https://books.toscrape.com/catalogue/done-rubbed-out-reightman-bailey-1_803/index.html
Close to You,a57b1dcbd6849222,4,49.46,True,15,https://books.toscrape.com/catalogue/close-to-you_798/index.html
Anonymous,d24b829be2ca81c4,4,46.82,True,15,https://books.toscrape.com/catalogue/anonymous_790/index.html
Amatus,ffd54178acc9a6a5,5,50.54,True,15,https://books.toscrape.com/catalogue/amatus_787/index.html
You (You #1),024387ca4cafd5cc,5,43.61,True,14,https://books.toscrape.com/catalogue/you-you-1_784/index.html
"Wonder Woman: Earth One, Volume One (Wonder Woman: Earth One #1)",047097293bb4d1c0,4,37.34,True,14,https://books.toscrape.com/catalogue/wonder-woman-earth-one-volume-one-wonder-woman-earth-one-1_783/index.html
Why the Right Went Wrong: Conservatism--From Goldwater to the Tea Party and Beyond,2b5054a4192e9b06,4,52.65,True,14,https://books.toscrape.com/catalogue/why-the-right-went-wrong-conservatism-from-goldwater-to-the-tea-party-and-beyond_781/index.html
Whole Lotta Creativity Going On: 60 Fun and Unusual Exercises to Awaken and Strengthen Your Creativity,44a10f1ac8ce822e,4,38.2,True,14,https://books.toscrape.com/catalogue/whole-lotta-creativity-going-on-60-fun-and-unusual-exercises-to-awaken-and-strengthen-your-creativity_780/index.html
V for Vendetta (V for Vendetta Complete),4a1debca3135ff37,4,37.1,True,14,https://books.toscrape.com/catalogue/v-for-vendetta-v-for-vendetta-complete_776/index.html
The Wright Brothers,08b2f71d93836313,4,56.8,True,14,https://books.toscrape.com/catalogue/the-wright-brothers_769/index.html
The White Queen (The Cousins' War #1),6875c5657661b2fb,5,25.91,True,14,https://books.toscrape.com/catalogue/the-white-queen-the-cousins-war-1_768/index.html
The Time Keeper,e9906e2f0d189745,5,27.88,True,14,https://books.toscrape.com/catalogue/the-time-keeper_766/index.html
The Testament of Mary,081305e6df719dff,4,52.67,True,14,https://books.toscrape.com/catalogue/the-testament-of-mary_765/index.html
The Star-Touched Queen,1528279aec1f3dce,5,46.02,True,14,https://books.toscrape.com/catalogue/the-star-touched-queen_764/index.html
The Songs of the Gods,00c4543ec6bd25b4,5,44.48,True,14,https://books.toscrape.com/catalogue/the-songs-of-the-gods_763/index.html
The Song of Achilles,e88fb1c9397cfb27,5,37.4,True,14,https://books.toscrape.com/catalogue/the-song-of-achilles_762/index.html
The Marriage of Opposites,52cf2a5933ec5d8f,4,28.08,True,14,https://books.toscrape.com/catalogue/the-marriage-of-opposites_759/index.html
The Darkest Lie,6edacfd1f8ebb9eb,5,35.35,True,14,https://books.toscrape.com/catalogue/the-darkest-lie_747/index.html
The Bane Chronicles (The Bane Chronicles #1-11),dc6f688b82e42a5b,4,44.73,True,14,https://books.toscrape.com/catalogue/the-bane-chronicles-the-bane-chronicles-1-11_746/index.html
Steve Jobs,95019eac1c0a052f,5,39.5,True,14,https://books.toscrape.com/catalogue/steve-jobs_737/index.html
Sorting the Beef from the Bull: The Science of Food Fraud Forensics,3edcccc4f341fb1a,4,44.74,True,14,https://books.toscrape.com/catalogue/sorting-the-beef-from-the-bull-the-science-of-food-fraud-forensics_736/index.html
Someone Like You (The Harrisons #2),a278db6b2b09cf9f,5,52.79,True,14,https://books.toscrape.com/catalogue/someone-like-you-the-harrisons-2_735/index.html
"So Cute It Hurts!!, Vol. 6 (So Cute It Hurts!! #6)",394f6d30cafc3edb,4,35.43,True,14,https://books.toscrape.com/catalogue/so-cute-it-hurts-vol-6-so-cute-it-hurts-6_734/index.html
Shtum,830fb3967c74866d,4,55.84,True,14,https://books.toscrape.com/catalogue/shtum_733/index.html
salt.,86cbddb61ea78bb7,4,46.78,True,14,https://books.toscrape.com/catalogue/salt_731/index.html
"Quarter Life Poetry: Poems for the Young, Broke and Hangry",aa35446aab16017f,5,50.89,True,14,https://books.toscrape.com/catalogue/quarter-life-poetry-poems-for-the-young-broke-and-hangry_727/index.html
Made to Stick: Why Some Ideas Survive and Others Die,b96fc7a0ea7d4b45,5,38.85,True,14,https://books.toscrape.com/catalogue/made-to-stick-why-some-ideas-survive-and-others-die_715/index.html
Looking for Lovely: Collecting the Moments that Matter,24af96df0bafb925,5,29.14,True,14,https://books.toscrape.com/catalogue/looking-for-lovely-collecting-the-moments-that-matter_710/index.html
"Living Leadership by Insight: A Good Leader Achieves, a Great Leader Builds Monuments",17fb5a88180f9904,4,46.91,True,14,https://books.toscrape.com/catalogue/living-leadership-by-insight-a-good-leader-achieves-a-great-leader-builds-monuments_709/index.html
Let It Out: A Journey Through Journaling,1174156c4a0eccaa,5,26.79,True,14,https://books.toscrape.com/catalogue/let-it-out-a-journey-through-journaling_708/index.html
I Know What I'm Doing -- and Other Lies I Tell Myself: Dispatches from a Life Under Construction,b8a8ff84233f0570,4,25.98,True,14,https://books.toscrape.com/catalogue/i-know-what-im-doing-and-other-lies-i-tell-myself-dispatches-from-a-life-under-construction_704/index.html
God: The Most Unpleasant Character in All Fiction,eec424a84c9e4c68,5,30.03,True,14,https://books.toscrape.com/catalogue/god-the-most-unpleasant-character-in-all-fiction_697/index.html
El Deafo,27c5968fe43cc06e,5,57.62,True,14,https://books.toscrape.com/catalogue/el-deafo_691/index.html
"Eaternity: More than 150 Deliciously Easy Vegan Recipes for a Long, Healthy, Satisfied, Joyful Life",a01f6d368ef64dc5,5,51.75,True,14,https://books.toscrape.com/catalogue/eaternity-more-than-150-deliciously-easy-vegan-recipes-for-a-long-healthy-satisfied-joyful-life_689/index.html
Demigods & Magicians: Percy and Annabeth Meet the Kanes (Percy Jackson & Kane Chronicles Crossover #1-3),3c6fe637a0180b01,5,37.51,True,14,https://books.toscrape.com/catalogue/demigods-magicians-percy-and-annabeth-meet-the-kanes-percy-jackson-kane-chronicles-crossover-1-3_685/index.html
Code Name Verity (Code Name Verity #1),33a3e0e3ffde0dcd,4,22.13,True,14,https://books.toscrape.com/catalogue/code-name-verity-code-name-verity-1_680/index.html
City of Glass (The Mortal Instruments #3),966ebb738e0f9d9b,4,56.02,True,14,https://books.toscrape.com/catalogue/city-of-glass-the-mortal-instruments-3_678/index.html
Cell,bfbb54bc8cdeed2b,4,20.29,True,14,https://books.toscrape.com/catalogue/cell_674/index.html
Buying In: The Secret Dialogue Between What We Buy and Who We Are,16ef91b9d827859c,4,37.8,True,14,https://books.toscrape.com/catalogue/buying-in-the-secret-dialogue-between-what-we-buy-and-who-we-are_670/index.html
Brain on Fire: My Month of Madness,a80f66b254fe9eb3,5,49.32,True,14,https://books.toscrape.com/catalogue/brain-on-fire-my-month-of-madness_669/index.html
Barefoot Contessa at Home: Everyday Recipes You'll Make Over and Over Again,0e0da9192a025efc,5,50.62,True,14,https://books.toscrape.com/catalogue/barefoot-contessa-at-home-everyday-recipes-youll-make-over-and-over-again_666/index.html
Aristotle and Dante Discover the Secrets of the Universe (Aristotle and Dante Discover the Secrets of the Universe #1),41164b8ac02a2c42,4,58.14,True,14,https://books.toscrape.com/catalogue/aristotle-and-dante-discover-the-secrets-of-the-universe-aristotle-and-dante-discover-the-secrets-of-the-universe-1_663/index.html
All the Light We Cannot See,39861fc1c0845d15,5,29.87,True,14,https://books.toscrape.com/catalogue/all-the-light-we-cannot-see_660/index.html
Abstract City,cf1aa2fc02a7d1e0,5,56.37,True,14,https://books.toscrape.com/catalogue/abstract-city_658/index.html
A Time of Torment (Charlie Parker #14),4416c474713ec1f5,5,48.35,True,14,https://books.toscrape.com/catalogue/a-time-of-torment-charlie-parker-14_657/index.html
Rook,44d97b6707dae3f0,4,37.86,True,13,https://books.toscrape.com/catalogue/rook_647/index.html
The Star-Touched Queen,4a7a25be293ad678,5,32.3,True,12,https://books.toscrape.com/catalogue/the-star-touched-queen_642/index.html
The Silent Sister (Riley MacPherson #1),ce1ae197ada2aec4,5,46.29,True,12,https://books.toscrape.com/catalogue/the-silent-sister-riley-macpherson-1_641/index.html
The Gray Rhino: How to Recognize and Act on the Obvious Dangers We Ignore,3063c7e95d0bf76f,4,59.15,True,12,https://books.toscrape.com/catalogue/the-gray-rhino-how-to-recognize-and-act-on-the-obvious-dangers-we-ignore_638/index.html
Raspberry Pi Electronics Projects for the Evil Genius,ebf81a62e4798fd1,4,49.67,True,12,https://books.toscrape.com/catalogue/raspberry-pi-electronics-projects-for-the-evil-genius_630/index.html
Psycho: Sanitarium (Psycho #1.5),b8d7b3f5c7a95d65,5,36.97,True,12,https://books.toscrape.com/catalogue/psycho-sanitarium-psycho-15_628/index.html
No Love Allowed (Dodge Cove #1),db84624b151cbe06,4,54.65,True,12,https://books.toscrape.com/catalogue/no-love-allowed-dodge-cove-1_625/index.html
Murder at the 42nd Street Library (Raymond Ambler #1),e7fe3bf2768602cf,4,54.36,True,12,https://books.toscrape.com/catalogue/murder-at-the-42nd-street-library-raymond-ambler-1_624/index.html
How to Speak Golf: An Illustrated Guide to Links Lingo,b978c9852cde91bd,5,58.32,True,12,https://books.toscrape.com/catalogue/how-to-speak-golf-an-illustrated-guide-to-links-lingo_621/index.html
Furiously Happy: A Funny Book About Horrible Things,c6a29d6df8de968c,4,41.46,True,12,https://books.toscrape.com/catalogue/furiously-happy-a-funny-book-about-horrible-things_619/index.html
Everyday Italian: 125 Simple and Delicious Recipes,76319fe9d8b465a3,5,20.1,True,12,https://books.toscrape.com/catalogue/everyday-italian-125-simple-and-delicious-recipes_618/index.html
Eleanor & Park,6983328f15506cb9,5,56.51,True,12,https://books.toscrape.com/catalogue/eleanor-park_616/index.html
Dirty (Dive Bar #1),df7e628bad5782b4,4,40.83,True,12,https://books.toscrape.com/catalogue/dirty-dive-bar-1_615/index.html
A Paris Apartment,63343e287971bb0c,4,39.01,True,12,https://books.toscrape.com/catalogue/a-paris-apartment_612/index.html
Keep Me Posted,20dc4f1ac5d4fd9c,4,20.46,True,11,https://books.toscrape.com/catalogue/keep-me-posted_594/index.html
Grey (Fifty Shades #4),b5953ca1f8a0b8d7,4,48.49,True,11,https://books.toscrape.com/catalogue/grey-fifty-shades-4_592/index.html
"Exit, Pursued by a Bear",c65c25d990fc7025,4,51.34,True,11,https://books.toscrape.com/catalogue/exit-pursued-by-a-bear_591/index.html
Born for This: How to Find the Work You Were Meant to Do,816180220e8cb419,5,21.59,True,11,https://books.toscrape.com/catalogue/born-for-this-how-to-find-the-work-you-were-meant-to-do_588/index.html
Arena,2c34f9432069b52b,4,21.36,True,11,https://books.toscrape.com/catalogue/arena_587/index.html
Adultery,bb967277222e689c,5,20.88,True,11,https://books.toscrape.com/catalogue/adultery_586/index.html
10-Day Green Smoothie Cleanse: Lose Up to 15 Pounds in 10 Days!,96aa539bfd4c07e2,5,49.71,True,10,https://books.toscrape.com/catalogue/10-day-green-smoothie-cleanse-lose-up-to-15-pounds-in-10-days_581/index.html
Without Shame,ab60e6f5a63e1cfb,5,48.27,True,9,https://books.toscrape.com/catalogue/without-shame_580/index.html
Watchmen,d1848064c54e01c7,4,58.05,True,9,https://books.toscrape.com/catalogue/watchmen_579/index.html
Unlimited Intuition Now,4fd0a2a350f016e6,4,58.87,True,9,https://books.toscrape.com/catalogue/unlimited-intuition-now_578/index.html
The New Brand You: Your New Image Makes the Sale for You,4b50fb1359ebf35d,5,44.05,True,9,https://books.toscrape.com/catalogue/the-new-brand-you-your-new-image-makes-the-sale-for-you_575/index.html
The Art and Science of Low Carbohydrate Living,f9c87ccb2bc4853b,5,52.98,True,9,https://books.toscrape.com/catalogue/the-art-and-science-of-low-carbohydrate-living_570/index.html
Suzie Snowflake: One beautiful flake (a self-esteem story),0e095ed785af7e43,5,54.81,True,9,https://books.toscrape.com/catalogue/suzie-snowflake-one-beautiful-flake-a-self-esteem-story_568/index.html
"Fruits Basket, Vol. 9 (Fruits Basket #9)",97187f5cf0385da3,4,33.95,True,9,https://books.toscrape.com/catalogue/fruits-basket-vol-9-fruits-basket-9_563/index.html
Art and Fear: Observations on the Perils (and Rewards) of Artmaking,d6d9ffea95f2f8bf,4,48.63,True,9,https://books.toscrape.com/catalogue/art-and-fear-observations-on-the-perils-and-rewards-of-artmaking_559/index.html
The Unlikely Pilgrimage of Harold Fry (Harold Fry #1),e0bdd79c7304ee8d,5,43.62,True,8,https://books.toscrape.com/catalogue/the-unlikely-pilgrimage-of-harold-fry-harold-fry-1_551/index.html
"The Midnight Assassin: Panic, Scandal, and the Hunt for America's First Serial Killer",5a0d2e9284004266,4,28.45,True,8,https://books.toscrape.com/catalogue/the-midnight-assassin-panic-scandal-and-the-hunt-for-americas-first-serial-killer_549/index.html
Smarter Faster Better: The Secrets of Being Productive in Life and Business,a2475a245c9907c4,5,38.89,True,8,https://books.toscrape.com/catalogue/smarter-faster-better-the-secrets-of-being-productive-in-life-and-business_543/index.html
Shadows of the Past (Logan Point #1),bee6e93e9976f4fa,5,39.67,True,8,https://books.toscrape.com/catalogue/shadows-of-the-past-logan-point-1_541/index.html
Please Kill Me: The Uncensored Oral History of Punk,4a823d80aa30dbb0,4,31.19,True,8,https://books.toscrape.com/catalogue/please-kill-me-the-uncensored-oral-history-of-punk_537/index.html
Out of Print: City Lights Spotlight No. 14,c0fc0cd215ee1724,5,53.64,True,8,https://books.toscrape.com/catalogue/out-of-print-city-lights-spotlight-no-14_536/index.html
My Life Next Door (My Life Next Door ),9a7291b89bd5445c,5,36.39,True,8,https://books.toscrape.com/catalogue/my-life-next-door-my-life-next-door_535/index.html
Les Fleurs du Mal,c44c5e1425475206,5,29.04,True,8,https://books.toscrape.com/catalogue/les-fleurs-du-mal_530/index.html
Kill 'Em and Leave: Searching for James Brown and the American Soul,39eefec3a8498dde,5,45.05,True,8,https://books.toscrape.com/catalogue/kill-em-and-leave-searching-for-james-brown-and-the-american-soul_528/index.html
John Vassos: Industrial Design for Modern Life,bd26e8a79a856c31,4,20.22,True,8,https://books.toscrape.com/catalogue/john-vassos-industrial-design-for-modern-life_526/index.html
Hystopia: A Novel,0bfdef63285d3019,4,21.96,True,8,https://books.toscrape.com/catalogue/hystopia-a-novel_523/index.html
Future Shock (Future Shock #1),df6a7c43faa6732b,5,55.65,True,8,https://books.toscrape.com/catalogue/future-shock-future-shock-1_519/index.html
Death by Leisure: A Cautionary Tale,4dbd54d9e36c9566,4,37.51,True,8,https://books.toscrape.com/catalogue/death-by-leisure-a-cautionary-tale_516/index.html
Between the World and Me,04e3de7ac35ec5cd,4,56.91,True,8,https://books.toscrape.com/catalogue/between-the-world-and-me_513/index.html
Being Mortal: Medicine and What Matters in the End,15ebd83e53d0391b,4,55.06,True,8,https://books.toscrape.com/catalogue/being-mortal-medicine-and-what-matters-in-the-end_512/index.html
"""Most Blessed of the Patriarchs"": Thomas Jefferson and the Empire of the Imagination",f16c2edb2a603f92,5,44.48,True,8,https://books.toscrape.com/catalogue/most-blessed-of-the-patriarchs-thomas-jefferson-and-the-empire-of-the-imagination_509/index.html
What Happened on Beale Street (Secrets of the South Mysteries #2),9735c969c652dd89,5,25.37,True,7,https://books.toscrape.com/catalogue/what-happened-on-beale-street-secrets-of-the-south-mysteries-2_506/index.html
The Whale,0ff9d10864db8364,4,35.96,True,7,https://books.toscrape.com/catalogue/the-whale_501/index.html
The Story of Art,9147c5251cc99eb1,4,41.14,True,7,https://books.toscrape.com/catalogue/the-story-of-art_500/index.html
The Great Gatsby,a8dbf1c6b41b885a,4,36.05,True,7,https://books.toscrape.com/catalogue/the-great-gatsby_498/index.html
The Bourne Identity (Jason Bourne #1),d250657f0ebc5d73,4,42.78,True,7,https://books.toscrape.com/catalogue/the-bourne-identity-jason-bourne-1_492/index.html
The Bachelor Girl's Guide to Murder (Herringford and Watts Mysteries #1),20789fb17b423c4c,5,52.3,True,7,https://books.toscrape.com/catalogue/the-bachelor-girls-guide-to-murder-herringford-and-watts-mysteries-1_491/index.html
The 7 Habits of Highly Effective People: Powerful Lessons in Personal Change,5fbd03b1ac0a0e69,4,33.17,True,7,https://books.toscrape.com/catalogue/the-7-habits-of-highly-effective-people-powerful-lessons-in-personal-change_489/index.html
Team of Rivals: The Political Genius of Abraham Lincoln,ba047a636b7d3793,5,20.12,True,7,https://books.toscrape.com/catalogue/team-of-rivals-the-political-genius-of-abraham-lincoln_488/index.html
Sister Dear,7ffebdd1d5148aef,4,40.2,True,7,https://books.toscrape.com/catalogue/sister-dear_485/index.html
Nightstruck: A Novel,746029796363aa51,4,50.35,True,7,https://books.toscrape.com/catalogue/nightstruck-a-novel_480/index.html
Leave This Song Behind: Teen Poetry at Its Best,b74ee891e2a6dd69,5,51.17,True,7,https://books.toscrape.com/catalogue/leave-this-song-behind-teen-poetry-at-its-best_474/index.html
King's Folly (The Kinsman Chronicles #1),4c82371b8cd02d4d,5,39.61,True,7,https://books.toscrape.com/catalogue/kings-folly-the-kinsman-chronicles-1_473/index.html
John Adams,68407606544d6f22,4,57.43,True,7,https://books.toscrape.com/catalogue/john-adams_472/index.html
How to Cook Everything Vegetarian: Simple Meatless Recipes for Great Food (How to Cook Everything),2a9fcb3382d351c8,4,46.01,True,7,https://books.toscrape.com/catalogue/how-to-cook-everything-vegetarian-simple-meatless-recipes-for-great-food-how-to-cook-everything_471/index.html
Good in Bed (Cannie Shapiro #1),c00bc29a678a6efb,5,37.05,True,7,https://books.toscrape.com/catalogue/good-in-bed-cannie-shapiro-1_469/index.html
Delivering the Truth (Quaker Midwife Mystery #1),4e980425468708da,4,20.89,True,7,https://books.toscrape.com/catalogue/delivering-the-truth-quaker-midwife-mystery-1_464/index.html
"At The Existentialist Café: Freedom, Being, and apricot cocktails with: Jean-Paul Sartre, Simone de Beauvoir, Albert Camus, Martin Heidegger, Edmund Husserl, Karl Jaspers, Maurice Merleau-Ponty and others",6b52904b2ab91bf6,5,29.93,True,7,https://books.toscrape.com/catalogue/at-the-existentialist-cafe-freedom-being-and-apricot-cocktails-with-jean-paul-sartre-simone-de-beauvoir-albert-camus-martin-heidegger-edmund-husserl-karl-jaspers-maurice-merleau-ponty-and-others_459/index.html
A Short History of Nearly Everything,6c7fa6844380f50a,5,52.4,True,7,https://books.toscrape.com/catalogue/a-short-history-of-nearly-everything_457/index.html
A Gathering of Shadows (Shades of Magic #2),d1378a0ad06ff979,4,44.81,True,7,https://books.toscrape.com/catalogue/a-gathering-of-shadows-shades-of-magic-2_456/index.html
The Sound Of Love,5ba3d703d1ae0c1d,5,57.84,True,6,https://books.toscrape.com/catalogue/the-sound-of-love_455/index.html
The Mysterious Affair at Styles (Hercule Poirot #1),2da5edf8b5776c9a,4,24.8,True,6,https://books.toscrape.com/catalogue/the-mysterious-affair-at-styles-hercule-poirot-1_452/index.html
The Man Who Mistook His Wife for a Hat and Other Clinical Tales,60376aa71be66083,4,59.45,True,6,https://books.toscrape.com/catalogue/the-man-who-mistook-his-wife-for-a-hat-and-other-clinical-tales_451/index.html
The Joy of Cooking,d326e189b1210916,4,43.27,True,6,https://books.toscrape.com/catalogue/the-joy-of-cooking_449/index.html
The Barefoot Contessa Cookbook,6478ccb4416e6a5d,5,59.92,True,6,https://books.toscrape.com/catalogue/the-barefoot-contessa-cookbook_440/index.html
In Cold Blood,fe0f34ebed689381,4,49.98,True,6,https://books.toscrape.com/catalogue/in-cold-blood_432/index.html
How to Stop Worrying and Start Living,e792c0969cefe1b8,5,46.49,True,6,https://books.toscrape.com/catalogue/how-to-stop-worrying-and-start-living_431/index.html
Fun Home: A Family Tragicomic,56a34d0cec11d6b0,4,56.59,True,6,https://books.toscrape.com/catalogue/fun-home-a-family-tragicomic_428/index.html
"Fruits Basket, Vol. 6 (Fruits Basket #6)",97258f576d4bb672,4,20.96,True,6,https://books.toscrape.com/catalogue/fruits-basket-vol-6-fruits-basket-6_427/index.html
Deception Point,4e3b183180e2a992,4,40.32,True,6,https://books.toscrape.com/catalogue/deception-point_426/index.html
Catherine the Great: Portrait of a Woman,f3c70d296ec796c4,4,58.55,True,6,https://books.toscrape.com/catalogue/catherine-the-great-portrait-of-a-woman_424/index.html
A Year in Provence (Provence #1),9e60929f521fa280,4,56.88,True,6,https://books.toscrape.com/catalogue/a-year-in-provence-provence-1_421/index.html
World Without End (The Pillars of the Earth #2),2e5b4ff08a75fd02,4,32.97,True,5,https://books.toscrape.com/catalogue/world-without-end-the-pillars-of-the-earth-2_420/index.html
"Will Grayson, Will Grayson (Will Grayson, Will Grayson)",e75f3ae1da1cc652,4,47.31,True,5,https://books.toscrape.com/catalogue/will-grayson-will-grayson-will-grayson-will-grayson_419/index.html
Where She Went (If I Stay #2),60369d96b7b80869,4,41.73,True,5,https://books.toscrape.com/catalogue/where-she-went-if-i-stay-2_417/index.html
What If?: Serious Scientific Answers to Absurd Hypothetical Questions,163d89116179c33f,4,53.68,True,5,https://books.toscrape.com/catalogue/what-if-serious-scientific-answers-to-absurd-hypothetical-questions_416/index.html
The Raven Boys (The Raven Cycle #1),e0b3a679b83caccc,4,57.74,True,5,https://books.toscrape.com/catalogue/the-raven-boys-the-raven-cycle-1_411/index.html
The Mathews Men: Seven Brothers and the War Against Hitler's U-boats,0d210d2448c3018f,5,42.91,True,5,https://books.toscrape.com/catalogue/the-mathews-men-seven-brothers-and-the-war-against-hitlers-u-boats_408/index.html
The Hiding Place,c4589ee5977a47be,4,55.91,True,5,https://books.toscrape.com/catalogue/the-hiding-place_406/index.html
The False Prince (The Ascendance Trilogy #1),a2a9f76339d21ab1,5,56.0,True,5,https://books.toscrape.com/catalogue/the-false-prince-the-ascendance-trilogy-1_402/index.html
The Crossover,b228042c088b1913,4,38.77,True,5,https://books.toscrape.com/catalogue/the-crossover_398/index.html
Talking to Girls About Duran Duran: One Young Man's Quest for True Love and a Cooler Haircut,1dba84766a5e87b8,4,25.15,True,5,https://books.toscrape.com/catalogue/talking-to-girls-about-duran-duran-one-young-mans-quest-for-true-love-and-a-cooler-haircut_394/index.html
Siddhartha,84bb29c53592ac40,5,34.22,True,5,https://books.toscrape.com/catalogue/siddhartha_393/index.html
My Mother Was Nuts,a4ce39a3720cd679,4,31.63,True,5,https://books.toscrape.com/catalogue/my-mother-was-nuts_388/index.html
Mexican Today: New and Rediscovered Recipes for Contemporary Kitchens,12a90b90283b2e6d,5,24.91,True,5,https://books.toscrape.com/catalogue/mexican-today-new-and-rediscovered-recipes-for-contemporary-kitchens_387/index.html
Lola and the Boy Next Door (Anna and the French Kiss #2),5e1a88d248599768,4,23.63,True,5,https://books.toscrape.com/catalogue/lola-and-the-boy-next-door-anna-and-the-french-kiss-2_385/index.html
Killing Floor (Jack Reacher #1),8dde2ff3f6fcc0a3,4,31.49,True,5,https://books.toscrape.com/catalogue/killing-floor-jack-reacher-1_382/index.html
Isla and the Happily Ever After (Anna and the French Kiss #3),45045146dbf7b009,5,48.13,True,5,https://books.toscrape.com/catalogue/isla-and-the-happily-ever-after-anna-and-the-french-kiss-3_380/index.html
If I Stay (If I Stay #1),7284d85428305f5a,5,38.13,True,5,https://books.toscrape.com/catalogue/if-i-stay-if-i-stay-1_379/index.html
Dracula the Un-Dead,e46b1074b99ac4b6,5,35.63,True,5,https://books.toscrape.com/catalogue/dracula-the-un-dead_370/index.html
Digital Fortress,94bb629a3f6dd00b,5,58.0,True,5,https://books.toscrape.com/catalogue/digital-fortress_369/index.html
"Blue Lily, Lily Blue (The Raven Cycle #3)",ad5e078beceaeb4a,5,34.13,True,5,https://books.toscrape.com/catalogue/blue-lily-lily-blue-the-raven-cycle-3_364/index.html
Approval Junkie: Adventures in Caring Too Much,612369a5947a012e,5,58.81,True,5,https://books.toscrape.com/catalogue/approval-junkie-adventures-in-caring-too-much_363/index.html
Alight (The Generations Trilogy #2),d9290e99f189ce84,4,58.59,True,5,https://books.toscrape.com/catalogue/alight-the-generations-trilogy-2_360/index.html
Vogue Colors A to Z: A Fashion Coloring Book,a8f4577a48023344,4,52.35,True,4,https://books.toscrape.com/catalogue/vogue-colors-a-to-z-a-fashion-coloring-book_355/index.html
The Passion of Dolssa,011674f4a3834b8d,5,28.32,True,4,https://books.toscrape.com/catalogue/the-passion-of-dolssa_351/index.html
The Hunger Games (The Hunger Games #1),6d2f70d9424f41a1,5,29.85,True,4,https://books.toscrape.com/catalogue/the-hunger-games-the-hunger-games-1_349/index.html
The Beast (Black Dagger Brotherhood #14),8930013d06942df1,5,46.08,True,4,https://books.toscrape.com/catalogue/the-beast-black-dagger-brotherhood-14_342/index.html
Shopaholic Ties the Knot (Shopaholic #3),38199c5d7da0c0ef,5,48.39,True,4,https://books.toscrape.com/catalogue/shopaholic-ties-the-knot-shopaholic-3_340/index.html
Paper and Fire (The Great Library #2),ae884ac655d6ee3e,5,49.45,True,4,https://books.toscrape.com/catalogue/paper-and-fire-the-great-library-2_339/index.html
No One Here Gets Out Alive,3a95f5a2df4ff921,5,20.02,True,4,https://books.toscrape.com/catalogue/no-one-here-gets-out-alive_336/index.html
Needful Things,70b585c9d0f15725,4,47.51,True,4,https://books.toscrape.com/catalogue/needful-things_334/index.html
Mockingjay (The Hunger Games #3),5212c6acea3359e5,4,20.44,True,4,https://books.toscrape.com/catalogue/mockingjay-the-hunger-games-3_333/index.html
Little Women (Little Women #1),deda806b68b0aa11,4,28.07,True,4,https://books.toscrape.com/catalogue/little-women-little-women-1_331/index.html
Harry Potter and the Prisoner of Azkaban (Harry Potter #3),eff24325e0ede639,4,24.17,True,4,https://books.toscrape.com/catalogue/harry-potter-and-the-prisoner-of-azkaban-harry-potter-3_328/index.html
Harry Potter and the Order of the Phoenix (Harry Potter #5),5a6b7155f2797537,4,31.63,True,4,https://books.toscrape.com/catalogue/harry-potter-and-the-order-of-the-phoenix-harry-potter-5_327/index.html
Harry Potter and the Half-Blood Prince (Harry Potter #6),73f4f87dd936ee5c,5,48.75,True,4,https://books.toscrape.com/catalogue/harry-potter-and-the-half-blood-prince-harry-potter-6_326/index.html
"Fruits Basket, Vol. 4 (Fruits Basket #4)",8fff1084aa085a13,4,50.44,True,4,https://books.toscrape.com/catalogue/fruits-basket-vol-4-fruits-basket-4_321/index.html
Atlas Shrugged,78a4ac98191ac675,5,26.58,True,4,https://books.toscrape.com/catalogue/atlas-shrugged_314/index.html
A New Earth: Awakening to Your Life's Purpose,f6ae39568db1130e,5,55.65,True,4,https://books.toscrape.com/catalogue/a-new-earth-awakening-to-your-lifes-purpose_311/index.html
'Salem's Lot,6e9403f00acd6752,4,49.56,True,4,https://books.toscrape.com/catalogue/salems-lot_309/index.html
When You Are Engulfed in Flames,dab0196cd5fc8e5e,5,30.89,True,3,https://books.toscrape.com/catalogue/when-you-are-engulfed-in-flames_303/index.html
Voyager (Outlander #3),7feac4000cbc5859,5,21.07,True,3,https://books.toscrape.com/catalogue/voyager-outlander-3_299/index.html
The Undomestic Goddess,813cff2aefa5d1f0,4,45.75,True,3,https://books.toscrape.com/catalogue/the-undomestic-goddess_286/index.html
The Silkworm (Cormoran Strike #2),f06039c29b5891fa,5,23.05,True,3,https://books.toscrape.com/catalogue/the-silkworm-cormoran-strike-2_280/index.html
"The Sandman, Vol. 3: Dream Country (The Sandman (volumes) #3)",91eb9605998a7c03,5,55.55,True,3,https://books.toscrape.com/catalogue/the-sandman-vol-3-dream-country-the-sandman-volumes-3_279/index.html
The Rose & the Dagger (The Wrath and the Dawn #2),322a9e34d87f54b1,4,58.64,True,3,https://books.toscrape.com/catalogue/the-rose-the-dagger-the-wrath-and-the-dawn-2_278/index.html
The Red Tent,3c456328b04a8ee8,5,35.66,True,3,https://books.toscrape.com/catalogue/the-red-tent_273/index.html
The Nightingale,29d6d87f3418638b,4,26.26,True,3,https://books.toscrape.com/catalogue/the-nightingale_267/index.html
The Nanny Diaries (Nanny #1),6263c1d2997b8ce0,5,52.53,True,3,https://books.toscrape.com/catalogue/the-nanny-diaries-nanny-1_265/index.html
The Lonely Ones,cf2f27fdf94ba20e,5,43.59,True,3,https://books.toscrape.com/catalogue/the-lonely-ones_261/index.html
"The Land of 10,000 Madonnas",35e69a79d2b1e804,4,29.64,True,3,https://books.toscrape.com/catalogue/the-land-of-10000-madonnas_258/index.html
The Husband's Secret,ff6bb30dd0c482a6,5,52.51,True,3,https://books.toscrape.com/catalogue/the-husbands-secret_256/index.html
"The End of Faith: Religion, Terror, and the Future of Reason",b3f2bc2cefb35f05,4,22.13,True,3,https://books.toscrape.com/catalogue/the-end-of-faith-religion-terror-and-the-future-of-reason_246/index.html
"The Disappearing Spoon: And Other True Tales of Madness, Love, and the History of the World from the Periodic Table of the Elements",63c0826ef59eae66,5,57.35,True,3,https://books.toscrape.com/catalogue/the-disappearing-spoon-and-other-true-tales-of-madness-love-and-the-history-of-the-world-from-the-periodic-table-of-the-elements_244/index.html
The Demon-Haunted World: Science as a Candle in the Dark,f51062bf579507d9,4,52.25,True,3,https://books.toscrape.com/catalogue/the-demon-haunted-world-science-as-a-candle-in-the-dark_242/index.html
The Day the Crayons Came Home (Crayons),b22362b434e8ee62,5,26.33,True,3,https://books.toscrape.com/catalogue/the-day-the-crayons-came-home-crayons_241/index.html
The Complete Stories and Poems (The Works of Edgar Allan Poe [Cameo Edition]),cad70d6ffd53912f,4,26.78,True,3,https://books.toscrape.com/catalogue/the-complete-stories-and-poems-the-works-of-edgar-allan-poe-cameo-edition_238/index.html
The Complete Poems,23707d3ddf14a999,5,41.32,True,3,https://books.toscrape.com/catalogue/the-complete-poems_237/index.html
The Book of Basketball: The NBA According to The Sports Guy,08decd9664e5d56e,5,44.84,True,3,https://books.toscrape.com/catalogue/the-book-of-basketball-the-nba-according-to-the-sports-guy_232/index.html
The Blind Side: Evolution of a Game,cd3dcd83bb002e78,5,53.71,True,3,https://books.toscrape.com/catalogue/the-blind-side-evolution-of-a-game_231/index.html
Something Borrowed (Darcy & Rachel #1),ac27ab4bcd9c492e,5,48.96,True,3,https://books.toscrape.com/catalogue/something-borrowed-darcy-rachel-1_224/index.html
Seven Brief Lessons on Physics,281a244ce1954711,4,30.6,True,3,https://books.toscrape.com/catalogue/seven-brief-lessons-on-physics_219/index.html
"Saga, Volume 3 (Saga (Collected Editions) #3)",7b870bf85d01c2dc,5,21.57,True,3,https://books.toscrape.com/catalogue/saga-volume-3-saga-collected-editions-3_216/index.html
"Rise of the Rocket Girls: The Women Who Propelled Us, from Missiles to the Moon to Mars",89cad3f37c9ce226,4,41.67,True,3,https://books.toscrape.com/catalogue/rise-of-the-rocket-girls-the-women-who-propelled-us-from-missiles-to-the-moon-to-mars_213/index.html
Life Without a Recipe,c53d9fefcda371e9,5,59.04,True,3,https://books.toscrape.com/catalogue/life-without-a-recipe_188/index.html
Legend (Legend #1),0ce8075fab4a2b5b,4,43.69,True,3,https://books.toscrape.com/catalogue/legend-legend-1_184/index.html
"Lamb: The Gospel According to Biff, Christ's Childhood Pal",190fbebbf798c31a,5,55.5,True,3,https://books.toscrape.com/catalogue/lamb-the-gospel-according-to-biff-christs-childhood-pal_182/index.html
Lady Renegades (Rebel Belle #3),16e843e6b853cc2f,5,53.04,True,3,https://books.toscrape.com/catalogue/lady-renegades-rebel-belle-3_181/index.html
Into the Wild,a7c3f1010d64799a,5,56.7,True,3,https://books.toscrape.com/catalogue/into-the-wild_177/index.html
Inferno (Robert Langdon #4),6c4646d90b60a56c,5,41.0,True,3,https://books.toscrape.com/catalogue/inferno-robert-langdon-4_176/index.html
If I Run (If I Run #1),61569d12d4ae7161,4,49.97,True,3,https://books.toscrape.com/catalogue/if-i-run-if-i-run-1_174/index.html
Heir to the Sky,b003f8bb02f76dc5,4,44.07,True,3,https://books.toscrape.com/catalogue/heir-to-the-sky_166/index.html
Gratitude,c300cc9326592b65,5,26.66,True,3,https://books.toscrape.com/catalogue/gratitude_163/index.html
Gone Girl,d5c588b6f9c015e4,5,37.6,True,3,https://books.toscrape.com/catalogue/gone-girl_162/index.html
Golden (Heart of Dread #3),984b3b6e7479b571,4,42.21,True,3,https://books.toscrape.com/catalogue/golden-heart-of-dread-3_161/index.html
Fire Bound (Sea Haven/Sisters of the Heart #5),2ed3a794a70aa85f,4,21.28,True,3,https://books.toscrape.com/catalogue/fire-bound-sea-havensisters-of-the-heart-5_157/index.html
Dead Wake: The Last Crossing of the Lusitania,04d858cdeeee0da4,5,39.24,True,3,https://books.toscrape.com/catalogue/dead-wake-the-last-crossing-of-the-lusitania_147/index.html
Dark Places,66937c669c4da072,5,23.9,True,3,https://books.toscrape.com/catalogue/dark-places_144/index.html
Crazy Rich Asians (Crazy Rich Asians #1),c9782ad2a0ed9331,5,49.13,True,3,https://books.toscrape.com/catalogue/crazy-rich-asians-crazy-rich-asians-1_143/index.html
Breaking Dawn (Twilight #4),bbfc4a3b7b6c94a0,5,35.28,True,3,https://books.toscrape.com/catalogue/breaking-dawn-twilight-4_136/index.html
Brave Enough,fd2337c1b73b686e,5,51.32,True,3,https://books.toscrape.com/catalogue/brave-enough_135/index.html
Blink: The Power of Thinking Without Thinking,0bbc48294707ba96,5,21.74,True,3,https://books.toscrape.com/catalogue/blink-the-power-of-thinking-without-thinking_132/index.html
Between Shades of Gray,155e42df837ee5ff,5,20.79,True,3,https://books.toscrape.com/catalogue/between-shades-of-gray_128/index.html
Beautiful Creatures (Caster Chronicles #1),5439bae708bca198,5,21.55,True,3,https://books.toscrape.com/catalogue/beautiful-creatures-caster-chronicles-1_125/index.html
Ash,5d22e2a46604b6e7,4,22.06,True,3,https://books.toscrape.com/catalogue/ash_123/index.html
Annie on My Mind,7bf87402413c27ff,5,36.83,True,3,https://books.toscrape.com/catalogue/annie-on-my-mind_120/index.html
A Walk in the Woods: Rediscovering America on the Appalachian Trail,bcee4f289ff6699c,4,30.48,True,3,https://books.toscrape.com/catalogue/a-walk-in-the-woods-rediscovering-america-on-the-appalachian-trail_118/index.html
A Heartbreaking Work of Staggering Genius,c9770bb1d5a492a0,5,54.29,True,3,https://books.toscrape.com/catalogue/a-heartbreaking-work-of-staggering-genius_115/index.html
Life,637e5a45062aa548,5,31.58,True,2,https://books.toscrape.com/catalogue/life_104/index.html
H is for Hawk,b6d3f4f4ee1f6069,5,57.42,True,2,https://books.toscrape.com/catalogue/h-is-for-hawk_102/index.html
Diary of a Minecraft Zombie Book 1: A Scare of a Dare (An Unofficial Minecraft Book),d7b463918d3b8c39,4,52.88,True,2,https://books.toscrape.com/catalogue/diary-of-a-minecraft-zombie-book-1-a-scare-of-a-dare-an-unofficial-minecraft-book_99/index.html
While You Were Mine,8ceb5c6aed2c5f8b,5,41.32,True,1,https://books.toscrape.com/catalogue/while-you-were-mine_97/index.html
Ways of Seeing,66a4e422b212726a,5,39.51,True,1,https://books.toscrape.com/catalogue/ways-of-seeing_94/index.html
Twenty Love Poems and a Song of Despair,e63c3f25338baf9a,4,30.95,True,1,https://books.toscrape.com/catalogue/twenty-love-poems-and-a-song-of-despair_91/index.html
Travels with Charley: In Search of America,0268f149d014b389,5,57.82,True,1,https://books.toscrape.com/catalogue/travels-with-charley-in-search-of-america_90/index.html
The Tumor,6514add13c82b115,5,41.56,True,1,https://books.toscrape.com/catalogue/the-tumor_85/index.html
The Story of Hong Gildong,32d035df92ab9080,4,43.19,True,1,https://books.toscrape.com/catalogue/the-story-of-hong-gildong_84/index.html
The No. 1 Ladies' Detective Agency (No. 1 Ladies' Detective Agency #1),b0913e67d38d5ed5,4,57.7,True,1,https://books.toscrape.com/catalogue/the-no-1-ladies-detective-agency-no-1-ladies-detective-agency-1_76/index.html
The Hook Up (Game On #1),6e473eff459e809f,5,36.29,True,1,https://books.toscrape.com/catalogue/the-hook-up-game-on-1_68/index.html
The Haters,fff8a057a40c4a60,5,27.89,True,1,https://books.toscrape.com/catalogue/the-haters_67/index.html
The Art of Not Breathing,5bc1fbccfbf2355c,4,40.83,True,1,https://books.toscrape.com/catalogue/the-art-of-not-breathing_58/index.html
Shadow Rites (Jane Yellowrock #10),229cd6564bf0dce4,4,21.72,True,1,https://books.toscrape.com/catalogue/shadow-rites-jane-yellowrock-10_51/index.html
"Rat Queens, Vol. 1: Sass & Sorcery (Rat Queens (Collected Editions) #1-5)",3cdca3b4a93980f5,5,46.96,True,1,https://books.toscrape.com/catalogue/rat-queens-vol-1-sass-sorcery-rat-queens-collected-editions-1-5_46/index.html
"Paper Girls, Vol. 1 (Paper Girls #1-5)",bcbcbcf0f6ed196f,4,21.71,True,1,https://books.toscrape.com/catalogue/paper-girls-vol-1-paper-girls-1-5_44/index.html
Off Sides (Off #1),b6f1cfadc4dd79d4,5,39.45,True,1,https://books.toscrape.com/catalogue/off-sides-off-1_38/index.html
Myriad (Prentor #1),63e20a0f98218a87,4,58.75,True,1,https://books.toscrape.com/catalogue/myriad-prentor-1_36/index.html
"Ms. Marvel, Vol. 1: No Normal (Ms. Marvel (2014-2015) #1)",35a60467893aa168,4,39.39,True,1,https://books.toscrape.com/catalogue/ms-marvel-vol-1-no-normal-ms-marvel-2014-2015-1_34/index.html
Lost Among the Living,d510567580c8be52,4,27.7,True,1,https://books.toscrape.com/catalogue/lost-among-the-living_31/index.html
Kitchens of the Great Midwest,06f6a57a6d532844,5,57.2,True,1,https://books.toscrape.com/catalogue/kitchens-of-the-great-midwest_28/index.html
Jane Eyre,8d390a1fc3133d06,5,38.43,True,1,https://books.toscrape.com/catalogue/jane-eyre_27/index.html
Imperfect Harmony,f28f7299d38c0932,4,34.74,True,1,https://books.toscrape.com/catalogue/imperfect-harmony_26/index.html
Icing (Aces Hockey #2),3455b45888fb5053,4,40.44,True,1,https://books.toscrape.com/catalogue/icing-aces-hockey-2_25/index.html
Having the Barbarian's Baby (Ice Planet Barbarians #7.5),6717a70913b3db79,4,34.96,True,1,https://books.toscrape.com/catalogue/having-the-barbarians-baby-ice-planet-barbarians-75_23/index.html
"Giant Days, Vol. 1 (Giant Days #1-4)",eb0fe24bbc845ecc,4,56.76,True,1,https://books.toscrape.com/catalogue/giant-days-vol-1-giant-days-1-4_22/index.html
"Fruits Basket, Vol. 1 (Fruits Basket #1)",72e6fbf4f6382557,5,40.28,True,1,https://books.toscrape.com/catalogue/fruits-basket-vol-1-fruits-basket-1_21/index.html
Deep Under (Walker Security #1),0072b94dfa30608e,5,47.09,True,1,https://books.toscrape.com/catalogue/deep-under-walker-security-1_15/index.html
Choosing Our Religion: The Spiritual Lives of America's Nones,a812f6969ddf3e39,4,28.42,True,1,https://books.toscrape.com/catalogue/choosing-our-religion-the-spiritual-lives-of-americas-nones_14/index.html
Bright Lines,230ac636ea0ea415,5,39.07,True,1,https://books.toscrape.com/catalogue/bright-lines_11/index.html
Bounty (Colorado Mountain #7),abc0b15f2c907ff0,4,37.26,True,1,https://books.toscrape.com/catalogue/bounty-colorado-mountain-7_9/index.html
"Bleach, Vol. 1: Strawberry and the Soul Reapers (Bleach #1)",099fae4a0705d63b,5,34.65,True,1,https://books.toscrape.com/catalogue/bleach-vol-1-strawberry-and-the-soul-reapers-bleach-1_7/index.html
"Ajin: Demi-Human, Volume 1 (Ajin: Demi-Human #1)",bfd5e1701c862ac3,4,57.06,True,1,https://books.toscrape.com/catalogue/ajin-demi-human-volume-1-ajin-demi-human-1_4/index.html
"1,000 Places to See Before You Die",228ba5e7577e1d49,5,26.08,True,1,https://books.toscrape.com/catalogue/1000-places-to-see-before-you-die_1/index.html
